Date,Description,Amount
04/01/2026,OAK APARTMENTS RENT PAYMENT,-1650.00
04/03/2026,ACME CORP PAYROLL DIR DEP,2400.00
04/12/2026,EVERSOURCE ENERGY PAYMENT,-78.88
04/17/2026,ACME CORP PAYROLL DIR DEP,2400.00
04/20/2026,DISCOVER E-PAYMENT 7788,-330.95
05/01/2026,ACME CORP PAYROLL DIR DEP,2400.00
05/01/2026,OAK APARTMENTS RENT PAYMENT,-1650.00
05/12/2026,EVERSOURCE ENERGY PAYMENT,-75.47
05/15/2026,ACME CORP PAYROLL DIR DEP,2400.00
05/20/2026,DISCOVER E-PAYMENT 7788,-392.95
05/29/2026,ACME CORP PAYROLL DIR DEP,2400.00
06/01/2026,OAK APARTMENTS RENT PAYMENT,-1650.00
06/12/2026,ACME CORP PAYROLL DIR DEP,2400.00
06/12/2026,EVERSOURCE ENERGY PAYMENT,-130.59
06/20/2026,DISCOVER E-PAYMENT 7788,-554.41
06/26/2026,ACME CORP PAYROLL DIR DEP,2400.00
07/01/2026,OAK APARTMENTS RENT PAYMENT,-1650.00
07/10/2026,ACME CORP PAYROLL DIR DEP,2400.00
07/12/2026,EVERSOURCE ENERGY PAYMENT,-71.61
07/20/2026,DISCOVER E-PAYMENT 7788,-502.13
07/24/2026,ACME CORP PAYROLL DIR DEP,2400.00
08/01/2026,OAK APARTMENTS RENT PAYMENT,-1650.00
08/07/2026,ACME CORP PAYROLL DIR DEP,2400.00
08/12/2026,EVERSOURCE ENERGY PAYMENT,-106.58
08/20/2026,DISCOVER E-PAYMENT 7788,-558.63
08/21/2026,ACME CORP PAYROLL DIR DEP,2400.00
09/01/2026,OAK APARTMENTS RENT PAYMENT,-1650.00
09/04/2026,ACME CORP PAYROLL DIR DEP,2400.00
09/12/2026,EVERSOURCE ENERGY PAYMENT,-129.56
09/18/2026,ACME CORP PAYROLL DIR DEP,2400.00
09/20/2026,DISCOVER E-PAYMENT 7788,-504.01
