Trans. Date,Post Date,Description,Amount,Category
03/08/2026,03/08/2026,"HULU 877-8244858 CA",7.99,"Services"
04/01/2026,04/01/2026,"CHIPOTLE 1234",97.05,"Services"
04/02/2026,04/02/2026,"NETFLIX.COM 866-579-7172 CA",15.49,"Services"
04/03/2026,04/03/2026,"WHOLEFDS CAM 10234",51.18,"Services"
04/05/2026,04/05/2026,"APPLE.COM/BILL 866-712-7753 CA",2.99,"Services"
04/06/2026,04/06/2026,"WHOLEFDS CAM 10234",35.10,"Services"
04/08/2026,04/08/2026,"HULU 877-8244858 CA",7.99,"Services"
04/09/2026,04/09/2026,"SPOTIFY USA",11.99,"Services"
04/10/2026,04/10/2026,"WHOLEFDS CAM 10234",30.52,"Services"
04/13/2026,04/13/2026,"TARGET 00012345",22.82,"Services"
04/15/2026,04/15/2026,"VERIZON WIRELESS",85.00,"Services"
04/18/2026,04/18/2026,"CHIPOTLE 1234",36.82,"Services"
04/19/2026,04/19/2026,"APPLE.COM/BILL 866-712-7753 CA",10.99,"Services"
04/20/2026,04/20/2026,"INTERNET PAYMENT - THANK YOU",-400.00,"Services"
05/01/2026,05/01/2026,"CHIPOTLE 1234",70.82,"Services"
05/02/2026,05/02/2026,"NETFLIX.COM 866-579-7172 CA",15.49,"Services"
05/05/2026,05/05/2026,"APPLE.COM/BILL 866-712-7753 CA",2.99,"Services"
05/08/2026,05/08/2026,"HULU 877-8244858 CA",7.99,"Services"
05/09/2026,05/09/2026,"SPOTIFY USA",11.99,"Services"
05/15/2026,05/15/2026,"VERIZON WIRELESS",85.00,"Services"
05/16/2026,05/16/2026,"CHIPOTLE 1234",15.27,"Services"
05/17/2026,05/17/2026,"SHELL OIL 574442",25.45,"Services"
05/19/2026,05/19/2026,"APPLE.COM/BILL 866-712-7753 CA",10.99,"Services"
05/20/2026,05/20/2026,"CHIPOTLE 1234",82.25,"Services"
05/20/2026,05/20/2026,"INTERNET PAYMENT - THANK YOU",-400.00,"Services"
05/21/2026,05/21/2026,"CHIPOTLE 1234",14.97,"Services"
05/27/2026,05/27/2026,"STARBUCKS STORE 01234",101.65,"Services"
06/02/2026,06/02/2026,"NETFLIX.COM 866-579-7172 CA",15.49,"Services"
06/05/2026,06/05/2026,"APPLE.COM/BILL 866-712-7753 CA",2.99,"Services"
06/06/2026,06/06/2026,"SHELL OIL 574442",40.09,"Services"
06/09/2026,06/09/2026,"SPOTIFY USA",11.99,"Services"
06/15/2026,06/15/2026,"CHIPOTLE 1234",64.67,"Services"
06/15/2026,06/15/2026,"VERIZON WIRELESS",85.00,"Services"
06/17/2026,06/17/2026,"SHELL OIL 574442",52.60,"Services"
06/19/2026,06/19/2026,"APPLE.COM/BILL 866-712-7753 CA",10.99,"Services"
06/20/2026,06/20/2026,"CHIPOTLE 1234",54.57,"Services"
06/20/2026,06/20/2026,"INTERNET PAYMENT - THANK YOU",-400.00,"Services"
06/21/2026,06/21/2026,"TARGET 00012345",85.60,"Services"
06/27/2026,06/27/2026,"WHOLEFDS CAM 10234",14.32,"Services"
07/02/2026,07/02/2026,"NETFLIX.COM 866-579-7172 CA",15.49,"Services"
07/03/2026,07/03/2026,"TARGET 00012345",110.06,"Services"
07/05/2026,07/05/2026,"APPLE.COM/BILL 866-712-7753 CA",2.99,"Services"
07/09/2026,07/09/2026,"SPOTIFY USA",11.99,"Services"
07/11/2026,07/11/2026,"STARBUCKS STORE 01234",27.85,"Services"
07/11/2026,07/11/2026,"WHOLEFDS CAM 10234",101.53,"Services"
07/12/2026,07/12/2026,"TARGET 00012345",90.90,"Services"
07/15/2026,07/15/2026,"VERIZON WIRELESS",85.00,"Services"
07/19/2026,07/19/2026,"APPLE.COM/BILL 866-712-7753 CA",10.99,"Services"
07/20/2026,07/20/2026,"INTERNET PAYMENT - THANK YOU",-400.00,"Services"
07/21/2026,07/21/2026,"TARGET 00012345",36.78,"Services"
07/23/2026,07/23/2026,"SHELL OIL 574442",36.91,"Services"
08/02/2026,08/02/2026,"NETFLIX.COM 866-579-7172 CA",15.49,"Services"
08/04/2026,08/04/2026,"CHIPOTLE 1234",112.48,"Services"
08/05/2026,08/05/2026,"APPLE.COM/BILL 866-712-7753 CA",2.99,"Services"
08/09/2026,08/09/2026,"SPOTIFY USA",11.99,"Services"
08/10/2026,08/10/2026,"CHIPOTLE 1234",7.09,"Services"
08/10/2026,08/10/2026,"CHIPOTLE 1234",116.09,"Services"
08/10/2026,08/10/2026,"TARGET 00012345",7.95,"Services"
08/12/2026,08/12/2026,"WHOLEFDS CAM 10234",108.03,"Services"
08/15/2026,08/15/2026,"VERIZON WIRELESS",85.00,"Services"
08/19/2026,08/19/2026,"APPLE.COM/BILL 866-712-7753 CA",10.99,"Services"
08/20/2026,08/20/2026,"INTERNET PAYMENT - THANK YOU",-400.00,"Services"
08/25/2026,08/25/2026,"TARGET 00012345",104.06,"Services"
09/02/2026,09/02/2026,"NETFLIX.COM 866-579-7172 CA",17.99,"Services"
09/02/2026,09/02/2026,"TARGET 00012345",24.50,"Services"
09/03/2026,09/03/2026,"CHIPOTLE 1234",76.04,"Services"
09/05/2026,09/05/2026,"APPLE.COM/BILL 866-712-7753 CA",2.99,"Services"
09/09/2026,09/09/2026,"SPOTIFY USA",11.99,"Services"
09/11/2026,09/11/2026,"STARBUCKS STORE 01234",6.08,"Services"
09/13/2026,09/13/2026,"STARBUCKS STORE 01234",115.61,"Services"
09/15/2026,09/15/2026,"CHIPOTLE 1234",20.69,"Services"
09/15/2026,09/15/2026,"VERIZON WIRELESS",85.00,"Services"
09/19/2026,09/19/2026,"APPLE.COM/BILL 866-712-7753 CA",10.99,"Services"
09/20/2026,09/20/2026,"INTERNET PAYMENT - THANK YOU",-400.00,"Services"
09/26/2026,09/26/2026,"CHIPOTLE 1234",119.68,"Services"
